{
  "val_accuracy": 0.38484108448028564,
  "val_loss": 2.779362916946411
}